engine,access_path,capability,aws_says,evidence,fact_ids,source_url,fetched,last_run,last_run_result,notes
Amazon Athena,Glue Data Catalog integration (s3tablescatalog/<bucket>),read,supported,documented,C5-02,https://docs.aws.amazon.com/athena/latest/ug/gdc-register-s3-table-bucket-cat.html,2026-09-28,,,
Amazon Athena,Glue Data Catalog integration,write (INSERT/UPDATE/DELETE/MERGE),"supported, except in workgroups encrypting results with SSE-KMS or CSE-KMS or with Requester Pays enabled",documented,C5-06 C5-07,https://docs.aws.amazon.com/athena/latest/ug/gdc-register-s3-table-bucket-cat.html,2026-09-28,,,
Amazon Athena,Glue Data Catalog integration,DDL,"CREATE DATABASE/TABLE (no LOCATION) and CTAS; no ALTER TABLE RENAME, CREATE VIEW or ALTER DATABASE",documented,C5-03 C5-09,https://docs.aws.amazon.com/athena/latest/ug/gdc-register-s3-table-bucket-cat.html,2026-09-28,,,a failed CTAS can leave a table Athena cannot drop (C5-10)
Amazon Athena,Glue Data Catalog integration,Iceberg v3,not supported,documented,C5-12,https://docs.aws.amazon.com/AmazonS3/latest/userguide/working-with-apache-iceberg-v3.html,2026-09-28,,,
Amazon Athena,Glue Data Catalog integration,minimum version,not stated,UNCONFIRMED,,https://docs.aws.amazon.com/athena/latest/ug/gdc-register-s3-table-bucket-cat.html,2026-09-28,,,
Amazon Redshift,"Glue Data Catalog integration (""<bucket>@s3tablescatalog"".ns.tbl)",read,supported,documented,C5-18 C5-19,https://docs.aws.amazon.com/redshift/latest/dg/iceberg-writes-sql-syntax.html,2026-09-28,,,
Amazon Redshift,Glue Data Catalog integration,write (INSERT/DELETE/UPDATE/MERGE),supported; write GA 17 Nov 2025,documented,C5-13 C5-14 C5-20,https://docs.aws.amazon.com/redshift/latest/dg/iceberg-writes-sql-syntax.html,2026-09-28,,,
Amazon Redshift,Glue Data Catalog integration,DDL,"CREATE TABLE (no LOCATION), CTAS, DROP TABLE (metadata only)",documented,C5-16 C5-17,https://docs.aws.amazon.com/redshift/latest/dg/iceberg-writes-sql-syntax.html,2026-09-28,,,
Amazon Redshift,Glue Data Catalog integration,Iceberg v3,Patch 204 and later; no variant,documented,C5-21,https://docs.aws.amazon.com/AmazonS3/latest/userguide/working-with-apache-iceberg-v3.html,2026-09-28,,,
Amazon EMR (Spark),Glue Data Catalog integration or client catalog JAR,read and write,supported from EMR 7.5,documented,C5-22 C5-23 C5-26,https://docs.aws.amazon.com/AmazonS3/latest/userguide/s3-tables-integrating-emr.html,2026-09-28,,,
Amazon EMR (Spark),Glue Data Catalog integration or client catalog JAR,DDL,"supported, but DROP TABLE unsupported above 7.5: use the DeleteTable API",documented,C5-25,https://docs.aws.amazon.com/AmazonS3/latest/userguide/s3-tables-integrating-emr.html,2026-09-28,,,
Amazon EMR (Spark),any,Iceberg v3,EMR 7.12 and later; variant from 8.0,documented,C5-45,https://docs.aws.amazon.com/AmazonS3/latest/userguide/working-with-apache-iceberg-v3.html,2026-09-28,,,
AWS Glue ETL,"Glue Data Catalog integration (recommended), S3 Tables REST endpoint, or client JAR (not recommended for new jobs)",read and write,supported from Glue 5.0,documented,C5-28 C5-29 C5-30,https://docs.aws.amazon.com/AmazonS3/latest/userguide/s3-tables-integrating-glue.html,2026-09-28,,,
AWS Glue ETL,any,DDL,not documented on the Glue page; inferred from the Spark pages only,UNCONFIRMED,,https://docs.aws.amazon.com/AmazonS3/latest/userguide/s3-tables-integrating-glue.html,2026-09-28,,,
AWS Glue ETL,any,Iceberg v3,Glue 5.1 and later; variant from 6.0,documented,C5-45,https://docs.aws.amazon.com/AmazonS3/latest/userguide/working-with-apache-iceberg-v3.html,2026-09-28,,,
Amazon SageMaker Unified Studio,Glue Data Catalog integration; queries run through Athena,"read, write and DDL",through Athena SQL,documented,C5-42 C5-43,https://docs.aws.amazon.com/AmazonS3/latest/userguide/s3-tables-integrating-sagemaker.html,2026-09-28,,,minimum version not stated
Amazon Data Firehose,Glue Data Catalog integration; destination Apache Iceberg Tables,"write (streaming insert, update, delete)","supported from Kinesis Data Streams, MSK or Direct PUT",documented,C5-41 C6-02,https://docs.aws.amazon.com/AmazonS3/latest/userguide/s3-tables-integrating-firehose.html,2026-09-28,,,
Amazon Data Firehose,any,Iceberg v3,"not supported: Firehose writes v2 tables only, Iceberg library 1.5.2",documented,C8-15 C6-29,https://docs.aws.amazon.com/firehose/latest/dev/apache-iceberg-prereq.html,2026-09-28,,,
Amazon Data Firehose,any,automatic table creation,not established,UNCONFIRMED,C6-33,,,,,tables must be assumed to exist before the stream
Amazon Quick (formerly QuickSight),"through Athena, custom SQL",read,supported (SPICE or direct query),documented,C5-39 C5-40,https://docs.aws.amazon.com/AmazonS3/latest/userguide/s3-tables-integrating-quicksight.html,2026-09-28,,,no writes
Amazon MSK streaming tables,MSK delivery channel,write,MSK only; the table is read-only to every other engine,documented,C5-44,https://docs.aws.amazon.com/AmazonS3/latest/userguide/s3-tables-streaming-msk.html,2026-09-28,,,"no schema, partition or property changes"
Apache Spark (open source),"client catalog JAR, S3 Tables REST endpoint, or Glue REST endpoint","read, write, DDL",supported,documented,C5-26,https://docs.aws.amazon.com/AmazonS3/latest/userguide/s3-tables-client-catalog.html,2026-09-28,,,doc examples pin old Iceberg runtimes; do not copy them
any REST client,"S3 Tables REST endpoint https://s3tables.<region>.amazonaws.com/iceberg, SigV4 signing name s3tables",CTAS,not supported: stage-create returns 400,documented,C3-26 C5-34,https://docs.aws.amazon.com/AmazonS3/latest/userguide/s3-tables-integrating-open-source.html,2026-09-28,,,
any REST client,S3 Tables REST endpoint,DROP TABLE,purge only; purge=false returns 400,documented,C3-27 C5-35,https://docs.aws.amazon.com/AmazonS3/latest/userguide/s3-tables-integrating-open-source.html,2026-09-28,,,
any REST client,S3 Tables REST endpoint,"views, OAuth, multi-level namespaces",not supported,documented,C3-28 C5-36,https://docs.aws.amazon.com/AmazonS3/latest/userguide/s3-tables-integrating-open-source.html,2026-09-28,,,
any REST client,S3 Tables REST endpoint,metadata.json over 50 MB,rejected with 400,documented,C3-29 C5-36,https://docs.aws.amazon.com/AmazonS3/latest/userguide/s3-tables-integrating-open-source.html,2026-09-28,,,
PyIceberg,S3 Tables REST endpoint (signing name s3tables) or Glue REST endpoint (signing name glue),catalog configuration,documented,documented,C5-31 C5-38,https://docs.aws.amazon.com/AmazonS3/latest/userguide/s3-tables-integrating-open-source.html,2026-09-28,,,
PyIceberg,either REST endpoint,"read, write, DDL",not covered by AWS documentation,UNCONFIRMED,,https://docs.aws.amazon.com/AmazonS3/latest/userguide/s3-tables-integrating-open-source.html,2026-09-28,,,"Books 1-2: PyIceberg 0.11.1 cannot write v3 tables (local finding, not AWS)"
DuckDB,REST endpoint via ATTACH,read,"read-only preview, per a March 2025 AWS blog; probably stale",aws-blog,C5-48,https://aws.amazon.com/blogs/storage/streamlining-access-to-tabular-datasets-stored-in-amazon-s3-tables-with-duckdb/,2026-09-28,,,
Trino (open source),S3 Tables REST endpoint,"read, INSERT, CREATE TABLE",shown in a June 2025 AWS blog with Trino 475,aws-blog,C5-49,https://aws.amazon.com/blogs/storage/query-amazon-s3-tables-from-open-source-trino-using-apache-iceberg-rest-endpoint/,2026-09-28,,,
"Flink, Snowflake, Dremio",Iceberg REST,any,product-page mentions only,UNCONFIRMED,,https://aws.amazon.com/s3/features/tables/,2026-09-28,,,
